,Data
0,2013-01-02
1,2013-01-03
2,2013-01-04
3,2013-01-07
4,2013-01-08
5,2013-01-09
6,2013-01-10
7,2013-01-11
8,2013-01-14
9,2013-01-15
10,2013-01-16
11,2013-01-17
12,2013-01-18
13,2013-01-21
14,2013-01-22
15,2013-01-23
16,2013-01-24
17,2013-01-28
18,2013-01-29
19,2013-01-30
20,2013-01-31
21,2013-02-01
22,2013-02-04
23,2013-02-05
24,2013-02-06
25,2013-02-07
26,2013-02-08
27,2013-02-13
28,2013-02-14
29,2013-02-15
30,2013-02-18
31,2013-02-19
32,2013-02-20
33,2013-02-21
34,2013-02-22
35,2013-02-25
36,2013-02-26
37,2013-02-27
38,2013-02-28
39,2013-03-01
40,2013-03-04
41,2013-03-05
42,2013-03-06
43,2013-03-07
44,2013-03-08
45,2013-03-11
46,2013-03-12
47,2013-03-13
48,2013-03-14
49,2013-03-15
50,2013-03-18
51,2013-03-19
52,2013-03-20
53,2013-03-21
54,2013-03-22
55,2013-03-25
56,2013-03-26
57,2013-03-27
58,2013-03-28
59,2013-04-01
60,2013-04-02
61,2013-04-03
62,2013-04-04
63,2013-04-05
64,2013-04-08
65,2013-04-09
66,2013-04-10
67,2013-04-11
68,2013-04-12
69,2013-04-15
70,2013-04-16
71,2013-04-17
72,2013-04-18
73,2013-04-19
74,2013-04-22
75,2013-04-23
76,2013-04-24
77,2013-04-25
78,2013-04-26
79,2013-04-29
80,2013-04-30
81,2013-05-02
82,2013-05-03
83,2013-05-06
84,2013-05-07
85,2013-05-08
86,2013-05-09
87,2013-05-10
88,2013-05-13
89,2013-05-14
90,2013-05-15
91,2013-05-16
92,2013-05-17
93,2013-05-20
94,2013-05-21
95,2013-05-22
96,2013-05-23
97,2013-05-24
98,2013-05-27
99,2013-05-28
100,2013-05-29
101,2013-05-31
102,2013-06-03
103,2013-06-04
104,2013-06-05
105,2013-06-06
106,2013-06-07
107,2013-06-10
108,2013-06-11
109,2013-06-12
110,2013-06-13
111,2013-06-14
112,2013-06-17
113,2013-06-18
114,2013-06-19
115,2013-06-20
116,2013-06-21
117,2013-06-24
118,2013-06-25
119,2013-06-26
120,2013-06-27
121,2013-06-28
122,2013-07-01
123,2013-07-02
124,2013-07-03
125,2013-07-04
126,2013-07-05
127,2013-07-08
128,2013-07-10
129,2013-07-11
130,2013-07-12
131,2013-07-15
132,2013-07-16
133,2013-07-17
134,2013-07-18
135,2013-07-19
136,2013-07-22
137,2013-07-23
138,2013-07-24
139,2013-07-25
140,2013-07-26
141,2013-07-29
142,2013-07-30
143,2013-07-31
144,2013-08-01
145,2013-08-02
146,2013-08-05
147,2013-08-06
148,2013-08-07
149,2013-08-08
150,2013-08-09
151,2013-08-12
152,2013-08-13
153,2013-08-14
154,2013-08-15
155,2013-08-16
156,2013-08-19
157,2013-08-20
158,2013-08-21
159,2013-08-22
160,2013-08-23
161,2013-08-26
162,2013-08-27
163,2013-08-28
164,2013-08-29
165,2013-08-30
166,2013-09-02
167,2013-09-03
168,2013-09-04
169,2013-09-05
170,2013-09-06
171,2013-09-09
172,2013-09-10
173,2013-09-11
174,2013-09-12
175,2013-09-13
176,2013-09-16
177,2013-09-17
178,2013-09-18
179,2013-09-19
180,2013-09-20
181,2013-09-23
182,2013-09-24
183,2013-09-25
184,2013-09-26
185,2013-09-27
186,2013-09-30
187,2013-10-01
188,2013-10-02
189,2013-10-03
190,2013-10-04
191,2013-10-07
192,2013-10-08
193,2013-10-09
194,2013-10-10
195,2013-10-11
196,2013-10-14
197,2013-10-15
198,2013-10-16
199,2013-10-17
200,2013-10-18
201,2013-10-21
202,2013-10-22
203,2013-10-23
204,2013-10-24
205,2013-10-25
206,2013-10-28
207,2013-10-29
208,2013-10-30
209,2013-10-31
210,2013-11-01
211,2013-11-04
212,2013-11-05
213,2013-11-06
214,2013-11-07
215,2013-11-08
216,2013-11-11
217,2013-11-12
218,2013-11-13
219,2013-11-14
220,2013-11-18
221,2013-11-19
222,2013-11-21
223,2013-11-22
224,2013-11-25
225,2013-11-26
226,2013-11-27
227,2013-11-28
228,2013-11-29
229,2013-12-02
230,2013-12-03
231,2013-12-04
232,2013-12-05
233,2013-12-06
234,2013-12-09
235,2013-12-10
236,2013-12-11
237,2013-12-12
238,2013-12-13
239,2013-12-16
240,2013-12-17
241,2013-12-18
242,2013-12-19
243,2013-12-20
244,2013-12-23
245,2013-12-26
246,2013-12-27
247,2013-12-30
248,2014-01-02
249,2014-01-03
250,2014-01-06
251,2014-01-07
252,2014-01-08
253,2014-01-09
254,2014-01-10
255,2014-01-13
256,2014-01-14
257,2014-01-15
258,2014-01-16
259,2014-01-17
260,2014-01-20
261,2014-01-21
262,2014-01-22
263,2014-01-23
264,2014-01-24
265,2014-01-27
266,2014-01-28
267,2014-01-29
268,2014-01-30
269,2014-01-31
270,2014-02-03
271,2014-02-04
272,2014-02-05
273,2014-02-06
274,2014-02-07
275,2014-02-10
276,2014-02-11
277,2014-02-12
278,2014-02-13
279,2014-02-14
280,2014-02-17
281,2014-02-18
282,2014-02-19
283,2014-02-20
284,2014-02-21
285,2014-02-24
286,2014-02-25
287,2014-02-26
288,2014-02-27
289,2014-02-28
290,2014-03-05
291,2014-03-06
292,2014-03-07
293,2014-03-10
294,2014-03-11
295,2014-03-12
296,2014-03-13
297,2014-03-14
298,2014-03-17
299,2014-03-18
300,2014-03-19
301,2014-03-20
302,2014-03-21
303,2014-03-24
304,2014-03-25
305,2014-03-26
306,2014-03-27
307,2014-03-28
308,2014-03-31
309,2014-04-01
310,2014-04-02
311,2014-04-03
312,2014-04-04
313,2014-04-07
314,2014-04-08
315,2014-04-09
316,2014-04-10
317,2014-04-11
318,2014-04-14
319,2014-04-15
320,2014-04-16
321,2014-04-17
322,2014-04-22
323,2014-04-23
324,2014-04-24
325,2014-04-25
326,2014-04-28
327,2014-04-29
328,2014-04-30
329,2014-05-02
330,2014-05-05
331,2014-05-06
332,2014-05-07
333,2014-05-08
334,2014-05-09
335,2014-05-12
336,2014-05-13
337,2014-05-14
338,2014-05-15
339,2014-05-16
340,2014-05-19
341,2014-05-20
342,2014-05-21
343,2014-05-22
344,2014-05-23
345,2014-05-26
346,2014-05-27
347,2014-05-28
348,2014-05-29
349,2014-05-30
350,2014-06-02
351,2014-06-03
352,2014-06-04
353,2014-06-05
354,2014-06-06
355,2014-06-09
356,2014-06-10
357,2014-06-11
358,2014-06-13
359,2014-06-16
360,2014-06-17
361,2014-06-18
362,2014-06-20
363,2014-06-23
364,2014-06-24
365,2014-06-25
366,2014-06-26
367,2014-06-27
368,2014-06-30
369,2014-07-01
370,2014-07-02
371,2014-07-03
372,2014-07-04
373,2014-07-07
374,2014-07-08
375,2014-07-10
376,2014-07-11
377,2014-07-14
378,2014-07-15
379,2014-07-16
380,2014-07-17
381,2014-07-18
382,2014-07-21
383,2014-07-22
384,2014-07-23
385,2014-07-24
386,2014-07-25
387,2014-07-28
388,2014-07-29
389,2014-07-30
390,2014-07-31
391,2014-08-01
392,2014-08-04
393,2014-08-05
394,2014-08-06
395,2014-08-07
396,2014-08-08
397,2014-08-11
398,2014-08-12
399,2014-08-13
400,2014-08-14
401,2014-08-15
402,2014-08-18
403,2014-08-19
404,2014-08-20
405,2014-08-21
406,2014-08-22
407,2014-08-25
408,2014-08-26
409,2014-08-27
410,2014-08-28
411,2014-08-29
412,2014-09-01
413,2014-09-02
414,2014-09-03
415,2014-09-04
416,2014-09-05
417,2014-09-08
418,2014-09-09
419,2014-09-10
420,2014-09-11
421,2014-09-12
422,2014-09-15
423,2014-09-16
424,2014-09-17
425,2014-09-18
426,2014-09-19
427,2014-09-22
428,2014-09-23
429,2014-09-24
430,2014-09-25
431,2014-09-26
432,2014-09-29
433,2014-09-30
434,2014-10-01
435,2014-10-02
436,2014-10-03
437,2014-10-06
438,2014-10-07
439,2014-10-08
440,2014-10-09
441,2014-10-10
442,2014-10-13
443,2014-10-14
444,2014-10-15
445,2014-10-16
446,2014-10-17
447,2014-10-20
448,2014-10-21
449,2014-10-22
450,2014-10-23
451,2014-10-24
452,2014-10-27
453,2014-10-28
454,2014-10-29
455,2014-10-30
456,2014-10-31
457,2014-11-03
458,2014-11-04
459,2014-11-05
460,2014-11-06
461,2014-11-07
462,2014-11-10
463,2014-11-11
464,2014-11-12
465,2014-11-13
466,2014-11-14
467,2014-11-17
468,2014-11-18
469,2014-11-19
470,2014-11-21
471,2014-11-24
472,2014-11-25
473,2014-11-26
474,2014-11-27
475,2014-11-28
476,2014-12-01
477,2014-12-02
478,2014-12-03
479,2014-12-04
480,2014-12-05
481,2014-12-08
482,2014-12-09
483,2014-12-10
484,2014-12-11
485,2014-12-12
486,2014-12-15
487,2014-12-16
488,2014-12-17
489,2014-12-18
490,2014-12-19
491,2014-12-22
492,2014-12-23
493,2014-12-26
494,2014-12-29
495,2014-12-30
496,2015-01-02
497,2015-01-05
498,2015-01-06
499,2015-01-07
500,2015-01-08
501,2015-01-09
502,2015-01-12
503,2015-01-13
504,2015-01-14
505,2015-01-15
506,2015-01-16
507,2015-01-19
508,2015-01-20
509,2015-01-21
510,2015-01-22
511,2015-01-23
512,2015-01-26
513,2015-01-27
514,2015-01-28
515,2015-01-29
516,2015-01-30
517,2015-02-02
518,2015-02-03
519,2015-02-04
520,2015-02-05
521,2015-02-06
522,2015-02-09
523,2015-02-10
524,2015-02-11
525,2015-02-12
526,2015-02-13
527,2015-02-18
528,2015-02-19
529,2015-02-20
530,2015-02-23
531,2015-02-24
532,2015-02-25
533,2015-02-26
534,2015-02-27
535,2015-03-02
536,2015-03-03
537,2015-03-04
538,2015-03-05
539,2015-03-06
540,2015-03-09
541,2015-03-10
542,2015-03-11
543,2015-03-12
544,2015-03-13
545,2015-03-16
546,2015-03-17
547,2015-03-18
548,2015-03-19
549,2015-03-20
550,2015-03-23
551,2015-03-24
552,2015-03-25
553,2015-03-26
554,2015-03-27
555,2015-03-30
556,2015-03-31
557,2015-04-01
558,2015-04-02
559,2015-04-06
560,2015-04-07
561,2015-04-08
562,2015-04-09
563,2015-04-10
564,2015-04-13
565,2015-04-14
566,2015-04-15
567,2015-04-16
568,2015-04-17
569,2015-04-20
570,2015-04-22
571,2015-04-23
572,2015-04-24
573,2015-04-27
574,2015-04-28
575,2015-04-29
576,2015-04-30
577,2015-05-04
578,2015-05-05
579,2015-05-06
580,2015-05-07
581,2015-05-08
582,2015-05-11
583,2015-05-12
584,2015-05-13
585,2015-05-14
586,2015-05-15
587,2015-05-18
588,2015-05-19
589,2015-05-20
590,2015-05-21
591,2015-05-22
592,2015-05-25
593,2015-05-26
594,2015-05-27
595,2015-05-28
596,2015-05-29
597,2015-06-01
598,2015-06-02
599,2015-06-03
600,2015-06-05
601,2015-06-08
602,2015-06-09
603,2015-06-10
604,2015-06-11
605,2015-06-12
606,2015-06-15
607,2015-06-16
608,2015-06-17
609,2015-06-18
610,2015-06-19
611,2015-06-22
612,2015-06-23
613,2015-06-24
614,2015-06-25
615,2015-06-26
616,2015-06-29
617,2015-06-30
618,2015-07-01
619,2015-07-02
620,2015-07-03
621,2015-07-06
622,2015-07-07
623,2015-07-08
624,2015-07-10
625,2015-07-13
626,2015-07-14
627,2015-07-15
628,2015-07-16
629,2015-07-17
630,2015-07-20
631,2015-07-21
632,2015-07-22
633,2015-07-23
634,2015-07-24
635,2015-07-27
636,2015-07-28
637,2015-07-29
638,2015-07-30
639,2015-07-31
640,2015-08-03
641,2015-08-04
642,2015-08-05
643,2015-08-06
644,2015-08-07
645,2015-08-10
646,2015-08-11
647,2015-08-12
648,2015-08-13
649,2015-08-14
650,2015-08-17
651,2015-08-18
652,2015-08-19
653,2015-08-20
654,2015-08-21
655,2015-08-24
656,2015-08-25
657,2015-08-26
658,2015-08-27
659,2015-08-28
660,2015-08-31
661,2015-09-01
662,2015-09-02
663,2015-09-03
664,2015-09-04
665,2015-09-08
666,2015-09-09
667,2015-09-10
668,2015-09-11
669,2015-09-14
670,2015-09-15
671,2015-09-16
672,2015-09-17
673,2015-09-18
674,2015-09-21
675,2015-09-22
676,2015-09-23
677,2015-09-24
678,2015-09-25
679,2015-09-28
680,2015-09-29
681,2015-09-30
682,2015-10-01
683,2015-10-02
684,2015-10-05
685,2015-10-06
686,2015-10-07
687,2015-10-08
688,2015-10-09
689,2015-10-13
690,2015-10-14
691,2015-10-15
692,2015-10-16
693,2015-10-19
694,2015-10-20
695,2015-10-21
696,2015-10-22
697,2015-10-23
698,2015-10-26
699,2015-10-27
700,2015-10-28
701,2015-10-29
702,2015-10-30
703,2015-11-03
704,2015-11-04
705,2015-11-05
706,2015-11-06
707,2015-11-09
708,2015-11-10
709,2015-11-11
710,2015-11-12
711,2015-11-13
712,2015-11-16
713,2015-11-17
714,2015-11-18
715,2015-11-19
716,2015-11-23
717,2015-11-24
718,2015-11-25
719,2015-11-26
720,2015-11-27
721,2015-11-30
722,2015-12-01
723,2015-12-02
724,2015-12-03
725,2015-12-04
726,2015-12-07
727,2015-12-08
728,2015-12-09
729,2015-12-10
730,2015-12-11
731,2015-12-14
732,2015-12-15
733,2015-12-16
734,2015-12-17
735,2015-12-18
736,2015-12-21
737,2015-12-22
738,2015-12-23
739,2015-12-28
740,2015-12-29
741,2015-12-30
742,2016-01-04
743,2016-01-05
744,2016-01-06
745,2016-01-07
746,2016-01-08
747,2016-01-11
748,2016-01-12
749,2016-01-13
750,2016-01-14
751,2016-01-15
752,2016-01-18
753,2016-01-19
754,2016-01-20
755,2016-01-21
756,2016-01-22
757,2016-01-26
758,2016-01-27
759,2016-01-28
760,2016-01-29
761,2016-02-01
762,2016-02-02
763,2016-02-03
764,2016-02-04
765,2016-02-05
766,2016-02-10
767,2016-02-11
768,2016-02-12
769,2016-02-15
770,2016-02-16
771,2016-02-17
772,2016-02-18
773,2016-02-19
774,2016-02-22
775,2016-02-23
776,2016-02-24
777,2016-02-25
778,2016-02-26
779,2016-02-29
780,2016-03-01
781,2016-03-02
782,2016-03-03
783,2016-03-04
784,2016-03-07
785,2016-03-08
786,2016-03-09
787,2016-03-10
788,2016-03-11
789,2016-03-14
790,2016-03-15
791,2016-03-16
792,2016-03-17
793,2016-03-18
794,2016-03-21
795,2016-03-22
796,2016-03-23
797,2016-03-24
798,2016-03-28
799,2016-03-29
800,2016-03-30
801,2016-03-31
802,2016-04-01
803,2016-04-04
804,2016-04-05
805,2016-04-06
806,2016-04-07
807,2016-04-08
808,2016-04-11
809,2016-04-12
810,2016-04-13
811,2016-04-14
812,2016-04-15
813,2016-04-18
814,2016-04-19
815,2016-04-20
816,2016-04-22
817,2016-04-25
818,2016-04-26
819,2016-04-27
820,2016-04-28
821,2016-04-29
822,2016-05-02
823,2016-05-03
824,2016-05-04
825,2016-05-05
826,2016-05-06
827,2016-05-09
828,2016-05-10
829,2016-05-11
830,2016-05-12
831,2016-05-13
832,2016-05-16
833,2016-05-17
834,2016-05-18
835,2016-05-19
836,2016-05-20
837,2016-05-23
838,2016-05-24
839,2016-05-25
840,2016-05-27
841,2016-05-30
842,2016-05-31
843,2016-06-01
844,2016-06-02
845,2016-06-03
846,2016-06-06
847,2016-06-07
848,2016-06-08
849,2016-06-09
850,2016-06-10
851,2016-06-13
852,2016-06-14
853,2016-06-15
854,2016-06-16
855,2016-06-17
856,2016-06-20
857,2016-06-21
858,2016-06-22
859,2016-06-23
860,2016-06-24
861,2016-06-27
862,2016-06-28
863,2016-06-29
864,2016-06-30
865,2016-07-01
866,2016-07-04
867,2016-07-05
868,2016-07-06
869,2016-07-07
870,2016-07-08
871,2016-07-11
872,2016-07-12
873,2016-07-13
874,2016-07-14
875,2016-07-15
876,2016-07-18
877,2016-07-19
878,2016-07-20
879,2016-07-21
880,2016-07-22
881,2016-07-25
882,2016-07-26
883,2016-07-27
884,2016-07-28
885,2016-07-29
886,2016-08-01
887,2016-08-02
888,2016-08-03
889,2016-08-04
890,2016-08-05
891,2016-08-08
892,2016-08-09
893,2016-08-10
894,2016-08-11
895,2016-08-12
896,2016-08-15
897,2016-08-16
898,2016-08-17
899,2016-08-18
900,2016-08-19
901,2016-08-22
902,2016-08-23
903,2016-08-24
904,2016-08-25
905,2016-08-26
906,2016-08-29
907,2016-08-30
908,2016-08-31
909,2016-09-01
910,2016-09-02
911,2016-09-05
912,2016-09-06
913,2016-09-08
914,2016-09-09
915,2016-09-12
916,2016-09-13
917,2016-09-14
918,2016-09-15
919,2016-09-16
920,2016-09-19
921,2016-09-20
922,2016-09-21
923,2016-09-22
924,2016-09-23
925,2016-09-26
926,2016-09-27
927,2016-09-28
928,2016-09-29
929,2016-09-30
930,2016-10-03
931,2016-10-04
932,2016-10-05
933,2016-10-06
934,2016-10-07
935,2016-10-10
936,2016-10-11
937,2016-10-13
938,2016-10-14
939,2016-10-17
940,2016-10-18
941,2016-10-19
942,2016-10-20
943,2016-10-21
944,2016-10-24
945,2016-10-25
946,2016-10-26
947,2016-10-27
948,2016-10-28
949,2016-10-31
950,2016-11-01
951,2016-11-03
952,2016-11-04
953,2016-11-07
954,2016-11-08
955,2016-11-09
956,2016-11-10
957,2016-11-11
958,2016-11-14
959,2016-11-16
960,2016-11-17
961,2016-11-18
962,2016-11-21
963,2016-11-22
964,2016-11-23
965,2016-11-24
966,2016-11-25
967,2016-11-28
968,2016-11-29
969,2016-11-30
970,2016-12-01
971,2016-12-02
972,2016-12-05
973,2016-12-06
974,2016-12-07
975,2016-12-08
976,2016-12-09
977,2016-12-12
978,2016-12-13
979,2016-12-14
980,2016-12-15
981,2016-12-16
982,2016-12-19
983,2016-12-20
984,2016-12-21
985,2016-12-22
986,2016-12-23
987,2016-12-26
988,2016-12-27
989,2016-12-28
990,2016-12-29
991,2017-01-02
992,2017-01-03
993,2017-01-04
994,2017-01-05
995,2017-01-06
996,2017-01-09
997,2017-01-10
998,2017-01-11
999,2017-01-12
1000,2017-01-13
1001,2017-01-16
1002,2017-01-17
1003,2017-01-18
1004,2017-01-19
1005,2017-01-20
1006,2017-01-23
1007,2017-01-24
1008,2017-01-26
1009,2017-01-27
1010,2017-01-30
1011,2017-01-31
1012,2017-02-01
1013,2017-02-02
1014,2017-02-03
1015,2017-02-06
1016,2017-02-07
1017,2017-02-08
1018,2017-02-09
1019,2017-02-10
1020,2017-02-13
1021,2017-02-14
1022,2017-02-15
1023,2017-02-16
1024,2017-02-17
1025,2017-02-20
1026,2017-02-21
1027,2017-02-22
1028,2017-02-23
1029,2017-02-24
1030,2017-03-01
1031,2017-03-02
1032,2017-03-03
1033,2017-03-06
1034,2017-03-07
1035,2017-03-08
1036,2017-03-09
1037,2017-03-10
1038,2017-03-13
1039,2017-03-14
1040,2017-03-15
1041,2017-03-16
1042,2017-03-17
1043,2017-03-20
1044,2017-03-21
1045,2017-03-22
1046,2017-03-23
1047,2017-03-24
1048,2017-03-27
1049,2017-03-28
1050,2017-03-29
1051,2017-03-30
1052,2017-03-31
1053,2017-04-03
1054,2017-04-04
1055,2017-04-05
1056,2017-04-06
1057,2017-04-07
1058,2017-04-10
1059,2017-04-11
1060,2017-04-12
1061,2017-04-13
1062,2017-04-17
1063,2017-04-18
1064,2017-04-19
1065,2017-04-20
1066,2017-04-24
1067,2017-04-25
1068,2017-04-26
1069,2017-04-27
1070,2017-04-28
1071,2017-05-02
1072,2017-05-03
1073,2017-05-04
1074,2017-05-05
1075,2017-05-08
1076,2017-05-09
1077,2017-05-10
1078,2017-05-11
1079,2017-05-12
1080,2017-05-15
1081,2017-05-16
1082,2017-05-17
1083,2017-05-18
1084,2017-05-19
1085,2017-05-22
1086,2017-05-23
1087,2017-05-24
1088,2017-05-25
1089,2017-05-26
1090,2017-05-29
1091,2017-05-30
1092,2017-05-31
1093,2017-06-01
1094,2017-06-02
1095,2017-06-05
1096,2017-06-06
1097,2017-06-07
1098,2017-06-08
1099,2017-06-09
1100,2017-06-12
1101,2017-06-13
1102,2017-06-14
1103,2017-06-15
1104,2017-06-16
1105,2017-06-19
1106,2017-06-20
1107,2017-06-21
1108,2017-06-22
1109,2017-06-23
1110,2017-06-26
1111,2017-06-27
1112,2017-06-28
1113,2017-06-29
1114,2017-06-30
1115,2017-07-03
1116,2017-07-04
1117,2017-07-05
1118,2017-07-06
1119,2017-07-07
1120,2017-07-10
1121,2017-07-11
1122,2017-07-12
1123,2017-07-13
1124,2017-07-14
1125,2017-07-17
1126,2017-07-18
1127,2017-07-19
1128,2017-07-20
1129,2017-07-21
1130,2017-07-24
1131,2017-07-25
1132,2017-07-26
1133,2017-07-27
1134,2017-07-28
1135,2017-07-31
1136,2017-08-01
1137,2017-08-02
1138,2017-08-03
1139,2017-08-04
1140,2017-08-07
1141,2017-08-08
1142,2017-08-09
1143,2017-08-10
1144,2017-08-11
1145,2017-08-14
1146,2017-08-15
1147,2017-08-16
1148,2017-08-17
1149,2017-08-18
1150,2017-08-21
1151,2017-08-22
1152,2017-08-23
1153,2017-08-24
1154,2017-08-25
1155,2017-08-28
1156,2017-08-29
1157,2017-08-30
1158,2017-08-31
1159,2017-09-01
1160,2017-09-04
1161,2017-09-05
1162,2017-09-06
1163,2017-09-07
1164,2017-09-08
1165,2017-09-11
1166,2017-09-12
1167,2017-09-13
1168,2017-09-14
1169,2017-09-15
1170,2017-09-18
1171,2017-09-19
1172,2017-09-20
1173,2017-09-21
1174,2017-09-22
1175,2017-09-25
1176,2017-09-26
1177,2017-09-27
1178,2017-09-28
1179,2017-09-29
1180,2017-10-02
1181,2017-10-03
1182,2017-10-04
1183,2017-10-05
1184,2017-10-06
1185,2017-10-09
1186,2017-10-10
1187,2017-10-11
1188,2017-10-12
1189,2017-10-13
1190,2017-10-16
1191,2017-10-17
1192,2017-10-18
1193,2017-10-19
1194,2017-10-20
1195,2017-10-23
1196,2017-10-24
1197,2017-10-25
1198,2017-10-26
1199,2017-10-27
1200,2017-10-30
1201,2017-10-31
1202,2017-11-01
1203,2017-11-02
1204,2017-11-03
1205,2017-11-06
1206,2017-11-07
1207,2017-11-08
1208,2017-11-09
1209,2017-11-10
1210,2017-11-13
1211,2017-11-14
1212,2017-11-15
1213,2017-11-16
1214,2017-11-17
1215,2017-11-20
1216,2017-11-21
1217,2017-11-22
1218,2017-11-23
1219,2017-11-24
1220,2017-11-27
1221,2017-11-28
1222,2017-11-29
1223,2017-11-30
1224,2017-12-01
1225,2017-12-04
1226,2017-12-05
1227,2017-12-06
1228,2017-12-07
1229,2017-12-08
1230,2017-12-11
1231,2017-12-12
1232,2017-12-13
1233,2017-12-14
1234,2017-12-15
1235,2017-12-18
1236,2017-12-19
1237,2017-12-20
1238,2017-12-21
1239,2017-12-22
1240,2017-12-25
1241,2017-12-26
1242,2017-12-27
1243,2017-12-28
1244,2017-12-29
1245,2018-01-02
1246,2018-01-03
1247,2018-01-04
1248,2018-01-05
1249,2018-01-08
1250,2018-01-09
1251,2018-01-10
1252,2018-01-11
1253,2018-01-12
1254,2018-01-15
1255,2018-01-16
1256,2018-01-17
1257,2018-01-18
1258,2018-01-19
1259,2018-01-22
1260,2018-01-23
1261,2018-01-24
1262,2018-01-25
1263,2018-01-26
1264,2018-01-29
1265,2018-01-30
1266,2018-01-31
1267,2018-02-01
1268,2018-02-02
1269,2018-02-05
1270,2018-02-06
1271,2018-02-07
1272,2018-02-08
1273,2018-02-09
1274,2018-02-14
1275,2018-02-15
1276,2018-02-16
1277,2018-02-19
1278,2018-02-20
1279,2018-02-21
1280,2018-02-22
1281,2018-02-23
1282,2018-02-26
1283,2018-02-27
1284,2018-02-28
1285,2018-03-01
1286,2018-03-02
1287,2018-03-05
1288,2018-03-06
1289,2018-03-07
1290,2018-03-08
1291,2018-03-09
1292,2018-03-12
1293,2018-03-13
1294,2018-03-14
1295,2018-03-15
1296,2018-03-16
1297,2018-03-19
1298,2018-03-20
1299,2018-03-21
1300,2018-03-22
1301,2018-03-23
1302,2018-03-26
1303,2018-03-27
1304,2018-03-28
1305,2018-03-29
1306,2018-04-02
1307,2018-04-03
1308,2018-04-04
1309,2018-04-05
1310,2018-04-06
1311,2018-04-09
1312,2018-04-10
1313,2018-04-11
1314,2018-04-12
1315,2018-04-13
1316,2018-04-16
1317,2018-04-17
1318,2018-04-18
1319,2018-04-19
1320,2018-04-20
1321,2018-04-23
1322,2018-04-24
1323,2018-04-25
1324,2018-04-26
1325,2018-04-27
1326,2018-04-30
1327,2018-05-02
1328,2018-05-03
1329,2018-05-04
1330,2018-05-07
1331,2018-05-08
1332,2018-05-09
1333,2018-05-10
1334,2018-05-11
1335,2018-05-14
1336,2018-05-15
1337,2018-05-16
1338,2018-05-17
1339,2018-05-18
1340,2018-05-21
1341,2018-05-22
1342,2018-05-23
1343,2018-05-24
1344,2018-05-25
1345,2018-05-28
1346,2018-05-29
1347,2018-05-30
1348,2018-06-01
1349,2018-06-04
1350,2018-06-05
1351,2018-06-06
1352,2018-06-07
1353,2018-06-08
1354,2018-06-11
1355,2018-06-12
1356,2018-06-13
1357,2018-06-14
1358,2018-06-15
1359,2018-06-18
1360,2018-06-19
1361,2018-06-20
1362,2018-06-21
1363,2018-06-22
1364,2018-06-25
1365,2018-06-26
1366,2018-06-27
1367,2018-06-28
1368,2018-06-29
1369,2018-07-02
1370,2018-07-03
1371,2018-07-04
1372,2018-07-05
1373,2018-07-06
1374,2018-07-10
1375,2018-07-11
1376,2018-07-12
1377,2018-07-13
1378,2018-07-16
1379,2018-07-17
1380,2018-07-18
1381,2018-07-19
1382,2018-07-20
1383,2018-07-23
1384,2018-07-24
1385,2018-07-25
1386,2018-07-26
1387,2018-07-27
1388,2018-07-30
1389,2018-07-31
1390,2018-08-01
1391,2018-08-02
1392,2018-08-03
1393,2018-08-06
1394,2018-08-07
1395,2018-08-08
1396,2018-08-09
1397,2018-08-10
1398,2018-08-13
1399,2018-08-14
1400,2018-08-15
1401,2018-08-16
1402,2018-08-17
1403,2018-08-20
1404,2018-08-21
1405,2018-08-22
1406,2018-08-23
1407,2018-08-24
1408,2018-08-27
1409,2018-08-28
1410,2018-08-29
1411,2018-08-30
1412,2018-08-31
1413,2018-09-03
1414,2018-09-04
1415,2018-09-05
1416,2018-09-06
1417,2018-09-10
1418,2018-09-11
1419,2018-09-12
1420,2018-09-13
1421,2018-09-14
1422,2018-09-17
1423,2018-09-18
1424,2018-09-19
1425,2018-09-20
1426,2018-09-21
1427,2018-09-24
1428,2018-09-25
1429,2018-09-26
1430,2018-09-27
1431,2018-09-28
1432,2018-10-01
1433,2018-10-02
1434,2018-10-03
1435,2018-10-04
1436,2018-10-05
1437,2018-10-08
1438,2018-10-09
1439,2018-10-10
1440,2018-10-11
1441,2018-10-15
1442,2018-10-16
1443,2018-10-17
1444,2018-10-18
1445,2018-10-19
1446,2018-10-22
1447,2018-10-23
1448,2018-10-24
1449,2018-10-25
1450,2018-10-26
1451,2018-10-29
1452,2018-10-30
1453,2018-10-31
1454,2018-11-01
1455,2018-11-05
1456,2018-11-06
1457,2018-11-07
1458,2018-11-08
1459,2018-11-09
1460,2018-11-12
1461,2018-11-13
1462,2018-11-14
1463,2018-11-16
1464,2018-11-19
1465,2018-11-21
1466,2018-11-22
1467,2018-11-23
1468,2018-11-26
1469,2018-11-27
1470,2018-11-28
1471,2018-11-29
1472,2018-11-30
1473,2018-12-03
1474,2018-12-04
1475,2018-12-05
1476,2018-12-06
1477,2018-12-07
1478,2018-12-10
1479,2018-12-11
1480,2018-12-12
1481,2018-12-13
1482,2018-12-14
1483,2018-12-17
1484,2018-12-18
1485,2018-12-19
1486,2018-12-20
1487,2018-12-21
1488,2018-12-26
1489,2018-12-27
1490,2018-12-28
1491,2019-01-02
1492,2019-01-03
1493,2019-01-04
1494,2019-01-07
1495,2019-01-08
1496,2019-01-09
1497,2019-01-10
1498,2019-01-11
1499,2019-01-14
1500,2019-01-15
1501,2019-01-16
1502,2019-01-17
1503,2019-01-18
1504,2019-01-21
1505,2019-01-22
1506,2019-01-23
1507,2019-01-24
1508,2019-01-28
1509,2019-01-29
1510,2019-01-30
1511,2019-01-31
1512,2019-02-01
1513,2019-02-04
1514,2019-02-05
1515,2019-02-06
1516,2019-02-07
1517,2019-02-08
1518,2019-02-11
1519,2019-02-12
1520,2019-02-13
1521,2019-02-14
1522,2019-02-15
1523,2019-02-18
1524,2019-02-19
1525,2019-02-20
1526,2019-02-21
1527,2019-02-22
1528,2019-02-25
1529,2019-02-26
1530,2019-02-27
1531,2019-02-28
1532,2019-03-01
1533,2019-03-06
1534,2019-03-07
1535,2019-03-08
1536,2019-03-11
1537,2019-03-12
1538,2019-03-13
1539,2019-03-14
1540,2019-03-15
1541,2019-03-18
1542,2019-03-19
1543,2019-03-20
1544,2019-03-21
1545,2019-03-22
1546,2019-03-25
1547,2019-03-26
1548,2019-03-27
1549,2019-03-28
1550,2019-03-29
1551,2019-04-01
1552,2019-04-02
1553,2019-04-03
1554,2019-04-04
1555,2019-04-05
1556,2019-04-08
1557,2019-04-09
1558,2019-04-10
1559,2019-04-11
1560,2019-04-12
1561,2019-04-15
1562,2019-04-16
1563,2019-04-17
1564,2019-04-18
1565,2019-04-22
1566,2019-04-23
1567,2019-04-24
1568,2019-04-25
1569,2019-04-26
1570,2019-04-29
1571,2019-04-30
1572,2019-05-02
1573,2019-05-03
1574,2019-05-06
1575,2019-05-07
1576,2019-05-08
1577,2019-05-09
1578,2019-05-10
1579,2019-05-13
1580,2019-05-14
1581,2019-05-15
1582,2019-05-16
1583,2019-05-17
1584,2019-05-20
1585,2019-05-21
1586,2019-05-22
1587,2019-05-23
1588,2019-05-24
1589,2019-05-27
1590,2019-05-28
1591,2019-05-29
1592,2019-05-30
1593,2019-05-31
1594,2019-06-03
1595,2019-06-04
1596,2019-06-05
1597,2019-06-06
1598,2019-06-07
1599,2019-06-10
1600,2019-06-11
1601,2019-06-12
1602,2019-06-13
1603,2019-06-14
1604,2019-06-17
1605,2019-06-18
1606,2019-06-19
1607,2019-06-21
1608,2019-06-24
1609,2019-06-25
1610,2019-06-26
1611,2019-06-27
1612,2019-06-28
1613,2019-07-01
1614,2019-07-02
1615,2019-07-03
1616,2019-07-04
1617,2019-07-05
1618,2019-07-08
1619,2019-07-10
1620,2019-07-11
1621,2019-07-12
1622,2019-07-15
1623,2019-07-16
1624,2019-07-17
1625,2019-07-18
1626,2019-07-19
1627,2019-07-22
1628,2019-07-23
1629,2019-07-24
1630,2019-07-25
1631,2019-07-26
1632,2019-07-29
1633,2019-07-30
1634,2019-07-31
1635,2019-08-01
1636,2019-08-02
1637,2019-08-05
1638,2019-08-06
1639,2019-08-07
1640,2019-08-08
1641,2019-08-09
1642,2019-08-12
1643,2019-08-13
1644,2019-08-14
1645,2019-08-15
1646,2019-08-16
1647,2019-08-19
1648,2019-08-20
1649,2019-08-21
1650,2019-08-22
1651,2019-08-23
1652,2019-08-26
1653,2019-08-27
1654,2019-08-28
1655,2019-08-29
1656,2019-08-30
1657,2019-09-02
1658,2019-09-03
1659,2019-09-04
1660,2019-09-05
1661,2019-09-06
1662,2019-09-09
1663,2019-09-10
1664,2019-09-11
1665,2019-09-12
1666,2019-09-13
1667,2019-09-16
1668,2019-09-17
1669,2019-09-18
1670,2019-09-19
1671,2019-09-20
1672,2019-09-23
1673,2019-09-24
1674,2019-09-25
1675,2019-09-26
1676,2019-09-27
1677,2019-09-30
1678,2019-10-01
1679,2019-10-02
1680,2019-10-03
1681,2019-10-04
1682,2019-10-07
1683,2019-10-08
1684,2019-10-09
1685,2019-10-10
1686,2019-10-11
1687,2019-10-14
1688,2019-10-15
1689,2019-10-16
1690,2019-10-17
1691,2019-10-18
1692,2019-10-21
1693,2019-10-22
1694,2019-10-23
1695,2019-10-24
1696,2019-10-25
1697,2019-10-28
1698,2019-10-29
1699,2019-10-30
1700,2019-10-31
1701,2019-11-01
1702,2019-11-04
1703,2019-11-05
1704,2019-11-06
1705,2019-11-07
1706,2019-11-08
1707,2019-11-11
1708,2019-11-12
1709,2019-11-13
1710,2019-11-14
1711,2019-11-18
1712,2019-11-19
1713,2019-11-21
1714,2019-11-22
1715,2019-11-25
1716,2019-11-26
1717,2019-11-27
1718,2019-11-28
1719,2019-11-29
1720,2019-12-02
1721,2019-12-03
1722,2019-12-04
1723,2019-12-05
1724,2019-12-06
1725,2019-12-09
1726,2019-12-10
1727,2019-12-11
1728,2019-12-12
1729,2019-12-13
1730,2019-12-16
1731,2019-12-17
1732,2019-12-18
1733,2019-12-19
1734,2019-12-20
1735,2019-12-23
1736,2019-12-26
1737,2019-12-27
1738,2019-12-30
1739,2020-01-02
1740,2020-01-03
1741,2020-01-06
1742,2020-01-07
1743,2020-01-08
1744,2020-01-09
1745,2020-01-10
1746,2020-01-13
1747,2020-01-14
1748,2020-01-15
1749,2020-01-16
1750,2020-01-17
1751,2020-01-20
1752,2020-01-21
1753,2020-01-22
1754,2020-01-23
1755,2020-01-24
1756,2020-01-27
1757,2020-01-28
1758,2020-01-29
1759,2020-01-30
1760,2020-01-31
1761,2020-02-03
1762,2020-02-04
1763,2020-02-05
1764,2020-02-06
1765,2020-02-07
1766,2020-02-10
1767,2020-02-11
1768,2020-02-12
1769,2020-02-13
1770,2020-02-14
1771,2020-02-17
1772,2020-02-18
1773,2020-02-19
1774,2020-02-20
1775,2020-02-21
1776,2020-02-26
1777,2020-02-27
1778,2020-02-28
1779,2020-03-02
1780,2020-03-03
1781,2020-03-04
1782,2020-03-05
1783,2020-03-06
1784,2020-03-09
1785,2020-03-10
1786,2020-03-11
1787,2020-03-12
1788,2020-03-13
1789,2020-03-16
1790,2020-03-17
1791,2020-03-18
1792,2020-03-19
1793,2020-03-20
1794,2020-03-23
1795,2020-03-24
1796,2020-03-25
1797,2020-03-26
1798,2020-03-27
1799,2020-03-30
1800,2020-03-31
1801,2020-04-01
1802,2020-04-02
1803,2020-04-03
1804,2020-04-06
1805,2020-04-07
1806,2020-04-08
1807,2020-04-09
1808,2020-04-13
1809,2020-04-14
1810,2020-04-15
1811,2020-04-16
1812,2020-04-17
1813,2020-04-20
1814,2020-04-22
1815,2020-04-23
1816,2020-04-24
1817,2020-04-27
1818,2020-04-28
1819,2020-04-29
1820,2020-04-30
1821,2020-05-04
1822,2020-05-05
1823,2020-05-06
1824,2020-05-07
1825,2020-05-08
1826,2020-05-11
1827,2020-05-12
1828,2020-05-13
1829,2020-05-14
1830,2020-05-15
1831,2020-05-18
1832,2020-05-19
1833,2020-05-20
1834,2020-05-21
1835,2020-05-22
1836,2020-05-25
1837,2020-05-26
1838,2020-05-27
1839,2020-05-28
1840,2020-05-29
1841,2020-06-01
1842,2020-06-02
1843,2020-06-03
1844,2020-06-04
1845,2020-06-05
1846,2020-06-08
1847,2020-06-09
1848,2020-06-10
1849,2020-06-12
1850,2020-06-15
1851,2020-06-16
1852,2020-06-17
1853,2020-06-18
1854,2020-06-19
1855,2020-06-22
1856,2020-06-23
1857,2020-06-24
1858,2020-06-25
1859,2020-06-26
1860,2020-06-29
1861,2020-06-30
1862,2020-07-01
1863,2020-07-02
1864,2020-07-03
1865,2020-07-06
1866,2020-07-07
1867,2020-07-08
1868,2020-07-09
1869,2020-07-10
1870,2020-07-13
1871,2020-07-14
1872,2020-07-15
1873,2020-07-16
1874,2020-07-17
1875,2020-07-20
1876,2020-07-21
1877,2020-07-22
1878,2020-07-23
1879,2020-07-24
1880,2020-07-27
1881,2020-07-28
1882,2020-07-29
1883,2020-07-30
1884,2020-07-31
1885,2020-08-03
1886,2020-08-04
1887,2020-08-05
1888,2020-08-06
1889,2020-08-07
1890,2020-08-10
1891,2020-08-11
1892,2020-08-12
1893,2020-08-13
1894,2020-08-14
1895,2020-08-17
1896,2020-08-18
1897,2020-08-19
1898,2020-08-20
1899,2020-08-21
1900,2020-08-24
1901,2020-08-25
1902,2020-08-26
1903,2020-08-27
1904,2020-08-28
1905,2020-08-31
1906,2020-09-01
1907,2020-09-02
1908,2020-09-03
1909,2020-09-04
1910,2020-09-08
1911,2020-09-09
1912,2020-09-10
1913,2020-09-11
1914,2020-09-14
1915,2020-09-15
1916,2020-09-16
1917,2020-09-17
1918,2020-09-18
1919,2020-09-21
1920,2020-09-22
1921,2020-09-23
1922,2020-09-24
1923,2020-09-25
1924,2020-09-28
1925,2020-09-29
1926,2020-09-30
1927,2020-10-01
1928,2020-10-02
1929,2020-10-05
1930,2020-10-06
1931,2020-10-07
1932,2020-10-08
1933,2020-10-09
1934,2020-10-13
1935,2020-10-14
1936,2020-10-15
1937,2020-10-16
1938,2020-10-19
1939,2020-10-20
1940,2020-10-21
1941,2020-10-22
1942,2020-10-23
1943,2020-10-26
1944,2020-10-27
1945,2020-10-28
1946,2020-10-29
1947,2020-10-30
1948,2020-11-03
1949,2020-11-04
1950,2020-11-05
1951,2020-11-06
1952,2020-11-09
1953,2020-11-10
1954,2020-11-11
1955,2020-11-12
1956,2020-11-13
1957,2020-11-16
1958,2020-11-17
1959,2020-11-18
1960,2020-11-19
1961,2020-11-23
1962,2020-11-24
1963,2020-11-25
1964,2020-11-26
1965,2020-11-27
1966,2020-11-30
1967,2020-12-01
1968,2020-12-02
1969,2020-12-03
1970,2020-12-04
1971,2020-12-07
1972,2020-12-08
1973,2020-12-09
1974,2020-12-10
1975,2020-12-11
1976,2020-12-14
1977,2020-12-15
1978,2020-12-16
1979,2020-12-17
1980,2020-12-18
1981,2020-12-21
1982,2020-12-22
1983,2020-12-23
1984,2020-12-28
1985,2020-12-29
1986,2020-12-30
1987,2021-01-04
1988,2021-01-05
1989,2021-01-06
1990,2021-01-07
1991,2021-01-08
1992,2021-01-11
1993,2021-01-12
1994,2021-01-13
1995,2021-01-14
1996,2021-01-15
1997,2021-01-18
1998,2021-01-19
1999,2021-01-20
2000,2021-01-21
2001,2021-01-22
2002,2021-01-26
2003,2021-01-27
2004,2021-01-28
2005,2021-01-29
2006,2021-02-01
2007,2021-02-02
2008,2021-02-03
2009,2021-02-04
2010,2021-02-05
2011,2021-02-08
2012,2021-02-09
2013,2021-02-10
2014,2021-02-11
2015,2021-02-12
2016,2021-02-17
2017,2021-02-18
2018,2021-02-19
2019,2021-02-22
2020,2021-02-23
2021,2021-02-24
2022,2021-02-25
2023,2021-02-26
2024,2021-03-01
2025,2021-03-02
2026,2021-03-03
2027,2021-03-04
2028,2021-03-05
2029,2021-03-08
2030,2021-03-09
2031,2021-03-10
2032,2021-03-11
2033,2021-03-12
2034,2021-03-15
2035,2021-03-16
2036,2021-03-17
2037,2021-03-18
2038,2021-03-19
2039,2021-03-22
2040,2021-03-23
2041,2021-03-24
2042,2021-03-25
2043,2021-03-26
2044,2021-03-29
2045,2021-03-30
2046,2021-03-31
2047,2021-04-01
2048,2021-04-05
2049,2021-04-06
2050,2021-04-07
2051,2021-04-08
2052,2021-04-09
2053,2021-04-12
2054,2021-04-13
2055,2021-04-14
2056,2021-04-15
2057,2021-04-16
2058,2021-04-19
2059,2021-04-20
2060,2021-04-22
2061,2021-04-23
2062,2021-04-26
2063,2021-04-27
2064,2021-04-28
2065,2021-04-29
2066,2021-04-30
2067,2021-05-03
2068,2021-05-04
2069,2021-05-05
2070,2021-05-06
2071,2021-05-07
2072,2021-05-10
2073,2021-05-11
2074,2021-05-12
2075,2021-05-13
2076,2021-05-14
2077,2021-05-17
2078,2021-05-18
2079,2021-05-19
2080,2021-05-20
2081,2021-05-21
2082,2021-05-24
2083,2021-05-25
2084,2021-05-26
2085,2021-05-27
2086,2021-05-28
2087,2021-05-31
2088,2021-06-01
2089,2021-06-02
2090,2021-06-04
2091,2021-06-07
2092,2021-06-08
2093,2021-06-09
2094,2021-06-10
2095,2021-06-11
2096,2021-06-14
2097,2021-06-15
2098,2021-06-16
2099,2021-06-17
2100,2021-06-18
2101,2021-06-21
2102,2021-06-22
2103,2021-06-23
2104,2021-06-24
2105,2021-06-25
2106,2021-06-28
2107,2021-06-29
2108,2021-06-30
2109,2021-07-01
2110,2021-07-02
2111,2021-07-05
2112,2021-07-06
2113,2021-07-07
2114,2021-07-08
2115,2021-07-12
2116,2021-07-13
2117,2021-07-14
2118,2021-07-15
2119,2021-07-16
2120,2021-07-19
2121,2021-07-20
2122,2021-07-21
2123,2021-07-22
2124,2021-07-23
2125,2021-07-26
2126,2021-07-27
2127,2021-07-28
2128,2021-07-29
2129,2021-07-30
2130,2021-08-02
2131,2021-08-03
2132,2021-08-04
2133,2021-08-05
2134,2021-08-06
2135,2021-08-09
2136,2021-08-10
2137,2021-08-11
2138,2021-08-12
2139,2021-08-13
2140,2021-08-16
2141,2021-08-17
2142,2021-08-18
2143,2021-08-19
2144,2021-08-20
2145,2021-08-23
2146,2021-08-24
2147,2021-08-25
2148,2021-08-26
2149,2021-08-27
2150,2021-08-30
2151,2021-08-31
2152,2021-09-01
2153,2021-09-02
2154,2021-09-03
2155,2021-09-06
2156,2021-09-08
2157,2021-09-09
2158,2021-09-10
2159,2021-09-13
2160,2021-09-14
2161,2021-09-15
2162,2021-09-16
2163,2021-09-17
2164,2021-09-20
2165,2021-09-21
2166,2021-09-22
2167,2021-09-23
2168,2021-09-24
2169,2021-09-27
2170,2021-09-28
2171,2021-09-29
2172,2021-09-30
2173,2021-10-01
2174,2021-10-04
2175,2021-10-05
2176,2021-10-06
2177,2021-10-07
2178,2021-10-08
2179,2021-10-11
2180,2021-10-13
2181,2021-10-14
2182,2021-10-15
2183,2021-10-18
2184,2021-10-19
2185,2021-10-20
2186,2021-10-21
2187,2021-10-22
2188,2021-10-25
2189,2021-10-26
2190,2021-10-27
2191,2021-10-28
2192,2021-10-29
2193,2021-11-01
2194,2021-11-03
2195,2021-11-04
2196,2021-11-05
2197,2021-11-08
2198,2021-11-09
2199,2021-11-10
2200,2021-11-11
2201,2021-11-12
2202,2021-11-16
2203,2021-11-17
2204,2021-11-18
2205,2021-11-19
2206,2021-11-22
2207,2021-11-23
2208,2021-11-24
2209,2021-11-25
2210,2021-11-26
2211,2021-11-29
2212,2021-11-30
2213,2021-12-01
2214,2021-12-02
2215,2021-12-03
2216,2021-12-06
2217,2021-12-07
2218,2021-12-08
2219,2021-12-09
2220,2021-12-10
2221,2021-12-13
2222,2021-12-14
2223,2021-12-15
2224,2021-12-16
2225,2021-12-17
2226,2021-12-20
2227,2021-12-21
2228,2021-12-22
2229,2021-12-23
2230,2021-12-27
2231,2021-12-28
2232,2021-12-29
2233,2021-12-30
2234,2022-01-03
2235,2022-01-04
2236,2022-01-05
2237,2022-01-06
2238,2022-01-07
2239,2022-01-10
2240,2022-01-11
2241,2022-01-12
2242,2022-01-13
2243,2022-01-14
2244,2022-01-17
2245,2022-01-18
2246,2022-01-19
2247,2022-01-20
2248,2022-01-21
2249,2022-01-24
2250,2022-01-25
2251,2022-01-26
2252,2022-01-27
2253,2022-01-28
2254,2022-01-31
2255,2022-02-01
2256,2022-02-02
2257,2022-02-03
2258,2022-02-04
2259,2022-02-07
2260,2022-02-08
2261,2022-02-09
2262,2022-02-10
2263,2022-02-11
2264,2022-02-14
2265,2022-02-15
2266,2022-02-16
2267,2022-02-17
2268,2022-02-18
2269,2022-02-21
2270,2022-02-22
2271,2022-02-23
2272,2022-02-24
2273,2022-02-25
2274,2022-03-02
2275,2022-03-03
2276,2022-03-04
2277,2022-03-07
2278,2022-03-08
2279,2022-03-09
2280,2022-03-10
2281,2022-03-11
2282,2022-03-14
2283,2022-03-15
2284,2022-03-16
2285,2022-03-17
2286,2022-03-18
2287,2022-03-21
2288,2022-03-22
2289,2022-03-23
2290,2022-03-24
2291,2022-03-25
2292,2022-03-28
2293,2022-03-29
2294,2022-03-30
2295,2022-03-31
2296,2022-04-01
2297,2022-04-04
2298,2022-04-05
2299,2022-04-06
2300,2022-04-07
2301,2022-04-08
2302,2022-04-11
2303,2022-04-12
2304,2022-04-13
2305,2022-04-14
2306,2022-04-18
2307,2022-04-19
2308,2022-04-20
2309,2022-04-22
2310,2022-04-25
2311,2022-04-26
2312,2022-04-27
2313,2022-04-28
2314,2022-04-29
2315,2022-05-02
2316,2022-05-03
2317,2022-05-04
2318,2022-05-05
2319,2022-05-06
2320,2022-05-09
2321,2022-05-10
2322,2022-05-11
2323,2022-05-12
2324,2022-05-13
2325,2022-05-16
2326,2022-05-17
2327,2022-05-18
2328,2022-05-19
2329,2022-05-20
2330,2022-05-23
2331,2022-05-24
2332,2022-05-25
2333,2022-05-26
2334,2022-05-27
2335,2022-05-30
2336,2022-05-31
2337,2022-06-01
2338,2022-06-02
2339,2022-06-03
2340,2022-06-06
2341,2022-06-07
2342,2022-06-08
2343,2022-06-09
2344,2022-06-10
2345,2022-06-13
2346,2022-06-14
2347,2022-06-15
2348,2022-06-17
2349,2022-06-20
2350,2022-06-21
2351,2022-06-22
2352,2022-06-23
2353,2022-06-24
2354,2022-06-27
2355,2022-06-28
2356,2022-06-29
2357,2022-06-30
2358,2022-07-01
2359,2022-07-04
2360,2022-07-05
2361,2022-07-06
2362,2022-07-07
2363,2022-07-08
2364,2022-07-11
2365,2022-07-12
2366,2022-07-13
2367,2022-07-14
2368,2022-07-15
2369,2022-07-18
2370,2022-07-19
2371,2022-07-20
2372,2022-07-21
2373,2022-07-22
2374,2022-07-25
2375,2022-07-26
2376,2022-07-27
2377,2022-07-28
2378,2022-07-29
2379,2022-08-01
2380,2022-08-02
2381,2022-08-03
2382,2022-08-04
2383,2022-08-05
2384,2022-08-08
2385,2022-08-09
2386,2022-08-10
2387,2022-08-11
2388,2022-08-12
2389,2022-08-15
2390,2022-08-16
2391,2022-08-17
2392,2022-08-18
2393,2022-08-19
2394,2022-08-22
2395,2022-08-23
2396,2022-08-24
2397,2022-08-25
2398,2022-08-26
2399,2022-08-29
